review_id;app_id;sentiment_type;sentiment_polarity;sentiment_subjectivity;author;content;rating;helpful_count;post_date;developer_reply;developer_reply_post_date
c5b29816-49b3-49a1-92d0-c830465e9497;281796108;;;;;I was looking everywhere for the perfect app with which to take notes, keep records of things, or just to scribble down my thoughts or ideas, but I hadn‚Äôt had much luck before I found this app. Five minutes into using Evernote, I began to think this really might be it. I was so excited... until it started randomly crashing on me. I haven‚Äôt been counting, but I‚Äôm thinking it may have crashed about 30 times already in the last 10 hours. I‚Äôll be sticking with it as long as I see improvements over time.;;;;;
2869edd1-3de8-4f6a-9e68-8a7d460d0a4b;281796108;;;;;I love this but the on thing i don‚Äôt like if i want to have reminder for every single task on my to do list and can‚Äôt and more different fonts on writing and i also i would like a feature to be able to look each individual note as well;;;;;
ad7252f5-4eba-428b-a0ba-90d4362cb81e;281796108;;;;;I don‚Äôt know why I have a badge unless I search the whole app. A Notification Center would be useful.;;;;;
4ec255c2-152b-450d-8177-39ac84822fa6;281940292;;;;;Crashed at times but overall wonderful!;;;;;
cff2407a-61ec-452e-a2f6-084def5b7cfd;281940292;;;;;This is a fantastic weather tool;;;;;
2ae4d245-40ea-4ab5-ae0d-8a2f79097b1f;281940292;;;;;Great app. Reliable and dependable;;;;;
15061b48-7752-4e90-84d8-75e865202b6b;282614216;;;;;It‚Äôs cool;;;;;
334ec438-0117-4879-baed-b36ac74fb411;282614216;;;;;Don't like Ebay too much waiting to deal with a dead beet seller, making the buyer wait for a long time to get results or money back;;;;;
b1ea4df4-3735-4468-8743-03b6c18aebe9;282614216;;;;;Very good;;;;;
2cd482b9-2246-4426-8706-39a3aa9b8683;282935706;;;;;Very good and easy to use!;;;;;
d424a333-1fe2-45ef-902f-e5ae48aff3c7;282935706;;;;;I love reading the daily devotional plans;;;;;
6e5404ae-e4f4-481e-8c9d-d8537fabe1d0;282935706;;;;;Everyone should have this app on there phone. Daily usage makes everyday an amazing day!;;;;;
2a1cae38-18b7-43c6-978d-e1d85a23989b;283619399;;;;;Love the game but, no new updates of any kind ie new tiles.  I guessing since this particular mahjong is not gouging our pockets therefore no new anything!;;;;;
7981c181-dc0d-41ec-81c5-e0805466811e;283619399;;;;;Layout is too close to bottom screen, some pieces are hidden or difficult to see;;;;;
15c8aa8d-d540-4119-919f-23e43707be28;283619399;;;;;Have always loved this game because of the stunning graphics on tile and background choices. Have never seen a better mahjong game. Can upload photos to use as background and tile images can't be beat anywhere else. Had it for years and it's still the best!! Thank you üòÅ;;;;;
32848d43-c274-481d-bdc5-d207d62ca1bd;283646709;;;;;Ugh! I‚Äôve never had so much difficulty getting my own money! Never again!!;;;;;
d1bb9419-b798-4f90-9ce6-546d4d047d13;283646709;;;;;I have been with PayPal since 2007, I buy and sell on EBay, and also use PayPal for personal and business use outside of PayPal. I sold an item on EBay but the buyer was having issues logging into PayPal through EBay so they sent me the money through PayPal Goods & Services. It‚Äôs been 2 days and my money is still being held, item has already shipped and I added the tracking number to the PayPal transaction. When I call I am told it is the automatic security protocol and it is not anything that can be corrected by a person. I asked how long the hold is, I was told ‚ÄúOh, we‚Äôre not told that, this way if a scammer calls trying to steal money, we can‚Äôt tell them when to try and transfer the money again. The hold is for as long as the security system wants it to be and that‚Äôs solely controlled by the computer system.‚Äù Seriously? A computer, who does not have a mortgage, a family, bills, or a life, is in sole control of when I can have my money. The sale was for over $1,000 and I even added money to the account at the recommendation of a PayPal associate to ‚Äútrick the system, since you‚Äôre adding money from the account you‚Äôre trying to transfer to so you can‚Äôt possibly be stealing.‚Äù Now that money is stuck in ‚Äúcomputer-controlled hold‚Äù also. Customer Service has been rude, unhelpful, and unknowledgeable. I can believe the lack of competency and that no one can do anything to get me my money. I mean they had me create a second account and try to transfer it there and then literally said ‚Äúwell, beats me!‚Äù when it did not work. Very frustrating, just lost a loyal long-time customer and her long-time customer parents, family, and friends.;;;;;
e5f28f48-f3a1-4223-8145-cf2110146f2e;283646709;;;;;Why $43.80 charge on a (US Domestic) transfer of $1500?  I WAS NOT NOTIFIED of this whatsoever and will not be using PayPal any longer if this is normal. Its exorbitant.   Doug White;;;;;
1e859b08-c651-4cd7-8fda-a6751125cf4c;284035177;;;;;Maybe my Fav!! But, there aren‚Äôt many directions for ALL the things Pandora can do. So go ahead, and scour this app. I can‚Äôt tell you everything it does. As a matter of fact, every time I‚Äôm listening.   I start looking for new content. 10 *.;;;;;
350f922c-eb40-4381-9052-b7e226e3a70f;284035177;;;;;The best;;;;;
d4e79c9e-6186-46fe-91e6-654b557f9194;284035177;;;;;After trying to load pandora today I find out they no longer allow vpns. Looks like I‚Äôll be switching to a different streaming service as I‚Äôm not planning on dropping my vpn.;;;;;
fbc09522-3961-43f1-ab03-fc16e48345e4;284666222;;;;;I actually like the app for its memory feature among other things that the standard iPhone calculator app doesn‚Äôt give you, but I‚Äôve come across this weird calculation where for example I‚Äôll type in ‚Äú80.32-20.25-60.07‚Äù when I equal it, it should say it equals 0, but instead I get ‚Äú-7.1054273576^-15‚Äù. And yes I understand this is basically 0 but I don‚Äôt understand why I gives me this unnecessary number instead of just 0. I‚Äôve tested this exact calculation on a number of other apps and even physical calculators as well as the standard iPhone app and they all give me 0. I thought maybe I accidentally changed a setting so I reset the app to its original settings but the same thing persists. Maybe there‚Äôs a fix for this and I‚Äôm just not getting it, but for now to the best of my knowledge, there is nothing in the settings that prevents this from happening.;;;;;
1e2270e9-e727-41b9-bf32-6da0a42c8681;284666222;;;;;A really well designed calculator - probably 2nd only to the HP Prime Pro app (although with some bugs, HP Prime is programmable, and has computer algebra system and graphing functionality).  Hence the suggestion to add graphing capabilities (e.g. with sliders as in Desmos) and CAS.;;;;;
ad5c762c-ad6f-4bb1-a618-fec38bb7a3e0;284666222;;;;;What more can I say?! ü§©;;;;;
81eddbca-a377-48f3-ae8c-45ea55f508fe;284736660;;;;;It still looks a lot like the original video game, but the swipe controls are no longer functional.   FIX THE SWIPE CONTROLS!!!!!!;;;;;
eb9863e9-38d2-4b76-ae5d-f12872b8179e;284736660;;;;;This game is utterly useless since the upgrade went into effect. The brain dead imbeciles behind the alterations are apparently unaware of the concept of improvement, and have created an app that is vastly inferior to its previous iteration. The game was entertaining, now it is unplayable. Don't bother if you don't have it, delete if you do.;;;;;
62caa0da-415e-43e3-8a27-22e834af5f2a;284736660;;;;;El control de juego en pantalla funciona con mucha dificultad  En cambio el juego de Ms. PAC-MAN lite yo lo descargue y el control de pantalla funciona muy bien  Necesito saber si me pueden corregir este problema o poder descargar otro juego igual que ese pero con el problema corregido Gracias  Atentamente Samuel Velazquez  7872093889;;;;;
5b29eed0-3137-4110-953d-e575855d9f06;284791396;;;;;Relaxing and very addicted. I love it  Keeps my brain active;;;;;
d24d0fcb-47c2-4e78-8db5-4af171a61919;284791396;;;;;The selection bar at the bottom disappears too often!;;;;;
a71b108d-90fe-4e25-b031-64d92be0f120;284791396;;;;;Love this app. Challenging, fun, great graphics. Definitely a top notch Solitaire game.;;;;;
6864c5c0-994f-4029-b3f9-44cdc401e6b8;284815117;;;;;Once again, the app is not working. So annoying and frustrating. I bet the free one works, but it really annoys me that I have to resort to that version. Third time in a month, at least, where it has quit working.üò°üò°üëéüëé;;;;;
ef989c2a-dd0d-4e8c-8590-9f44ec9de4a4;284815117;;;;;New version stinks.  Bring back the old one please!!!  I cannot turn off teacher even though u say I can. I hate it.;;;;;
3b27ba73-c534-4f11-a352-06013e681782;284815117;;;;;Not happy today. Had to download game because it wouldn‚Äôt load my game list. Now I have ads even though it is supposed to be the premium version.;;;;;
0471db8e-386b-4174-8c82-234e8b4fbb3b;284815942;;;;;The white is way too bright and I don‚Äôt really like having to use incognito all the time so if you could please just add dark mode compatibility that would be great!;;;;;
dddf9dbd-9743-46c4-b793-84ac50863ee6;284815942;;;;;I‚Äôm really writing this review so Google could possibly see it and add a dark mode like iOS‚Äôs dark mode. And obviously the app is good, it‚Äôs Google.;;;;;
3e53a8f9-b945-4272-8a7b-c2a8fa52dd4f;284815942;;;;;What I mean by the title is that when you click on google you‚Äôll of course see other news besides the one on of what‚Äôs under What‚Äôs treading when you search something there. Of course I love Monsta x and interested in other topics beside Kpop you know, but there aren‚Äôt any news about anything, and when you click on google it only says google and nothing else. Could anyone pls tell me why this happens? But overall I give it 5 star because it have topics I want to read or know more about something.;;;;;
7e1a2ce6-30d1-405c-b883-8d36289dd6d4;284847138;;;;;The process is easy the explanation is understood easy to move from one service to another‚Äôs;;;;;
864414c2-3435-4918-90be-6596c2145f61;284847138;;;;;Directions for editing or deleting an account are useless. You‚Äôre only given the chance for that when you are adding an account. How do you delete obsolete accounts?;;;;;
1755a59b-74b1-43f6-bba3-90f70caa4557;284847138;;;;;We have been with B of A for more than 35 years and we still get the same excellent service. We wouldn‚Äôt go any where else.  Thanks very much for your  commitment to excellence.;;;;;
8d6bbc51-1db8-4e74-a42b-76df18f07986;284862767;;;;;This game has a scoring system tilted towards those who have patience to practice a game until they can land an unbelievable high score.  The high score times are so fast I don‚Äôt think I could tap cards fast enough to match them.    I would prefer the game started timing as soon as the cards are dealt so no practice was possible and players can only go by skill.  Keep a running 24 hour high score and increase the number of rankings so everyone who plays a game can see where they stand  - not just top 10 but top 1000 or 10000.    That would keep my addiction going.;;;;;
87058310-15eb-4403-8efd-98e5c3d636e5;284862767;;;;;I love this game, because much of it is old-school FreeCell, with the ability of playing both random games and numbered games. However, I have no intention of playing it daily. I have daily goals for Spanish, not for solitaire.   Please give us a way to totally turn daily goals off. I‚Äôll bump it back up to five stars if you do.  Update. The daily goals now has some use for me! However, is probably not the use you intend. Because it tells me that I have won my first game of the day, I now only play one game per day. Thank you! :);;;;;
f094299c-4771-443f-819f-511869d07791;284862767;;;;;Been playing it for years and it is the best of all the games available. Can‚Äôt do without it. Very well run so will have even the smallest problem and I love it. Ann;;;;;
c9aa598c-ee29-4e28-b7c8-5e7bf37f6c17;284876795;;;;;As above;;;;;
257a9653-bddd-4093-bc9b-c4923635a9b1;284876795;;;;;Friendly and helpful staff.  Clean.  Beds comfortable.  Breakfast was adequate.  Some might be disappointed no Meat or hot eggs but there were boiled eggs.  Pancakes, waffles, cereal, toast, yogurt, and mini muffins.  You might want to be aware there is no elevator if have mobility issues.  My husband and I would stay there again.;;;;;
0a841cab-4905-425d-b495-90c632946f0a;284876795;;;;;I use this app every time I need to plan a trip! Thank you trip advisor!;;;;;
b2f40adb-97ae-40f7-95f0-b0249197d012;284882215;;;;;I recently was logged out of my account and when I tried to log back in they have a security measure of sending a code to the phone you made account with. I no longer own that phone or number so getting back into my account is impossible especially when the way to contact fb is not designed for every issue even though this is a common issue. There is no back door to correct the problem and emailing fb is useless and the help center is generic ..;;;;;
3e07c682-78dc-488b-87f7-0c681e1ec5ff;284882215;;;;;Facebook me cierra cada vez que entro;;;;;
70f8dd45-14d8-4560-b5bf-10e9233f17d6;284882215;;;;;Great app but needs a new dark mode to go with messenger & iOS 13. Love the new features & speed;;;;;
c7c2460d-c53a-4eea-a59d-208fadec5ea9;284910350;;;;;We just finished a delightful and delicious meal at the Riverhouse and closed the place. 6 of us dined on 6 different entrees. Everyone more than satisfied. Unique fresh ingredients combined to create an amazing meal. Friendly server taking time to chat. We arrived later after visiting Munsen falls and were not rushed at all. Enjoy!! We did!!;;;;;
a55daf53-c548-44ef-83c0-c300f73563e4;284910350;;;;;The reviews on businesses get removed because they believe that the reviews are fake or illegitimate. Yelp is not big in some towns so the people reviewing are probably real costumers writing honest reviews, but I guess they see them as fake profiles due to them not reviewing places much overtime or having friends added on yelp.;;;;;
6866ce80-a1f2-4d2a-8a4e-323635fc73a2;284910350;;;;;Excellent app;;;;;
5ed8dfe8-82ab-4973-a790-04c690ba3481;284993459;;;;;Never opens Spotify when prompted. idk;;;;;
23d9151c-d125-4a8d-94ee-6fcbe0835607;284993459;;;;;With only a few beats of music, Shamam knows the song.;;;;;
65f473a9-9e8b-4900-9653-eb418996242f;284993459;;;;;Having trouble picking up music as time goes on. Have had the app for 7 years.;;;;;
9ec16999-1d55-4684-9071-2efe63189bb5;285946052;;;;;ÿπŸÜÿØŸÉŸÖ ŸÖÿ¥ŸÉŸÑÿ© ŸÖÿπ ÿµŸàÿ™ ÿßŸÑÿ≥ÿØŸäÿ≥;;;;;
ede98cb2-00e6-4832-8c18-d6dca0a92346;285946052;;;;;I really wish you guys didn‚Äôt do this. I would have paid an extra $100 for you to update iQuran HD so I can continue to use it. I have YEARS OF NOTES on that app. It is highly inconsiderate to your brothers and sisters who bought the app and used it for years not to update it. Now I have to migrate all my notes which will take weeks. Please have some understanding and update the app many of us already paid for. I know I will pay again. No problem.;;;;;
cea6edf8-7b1e-48d7-b449-77281bd92479;285946052;;;;;I love this app, may Allah bless the developer of this app, and give him guidance to create the iPad version too. Aameen!;;;;;
4640f13b-05fc-419e-9880-18cf613806d5;285994151;;;;;Play of the game is excellent but the tutorials leave a lot to be desired.;;;;;
24a7c80d-1e01-4347-86fe-f123c985ef5c;285994151;;;;;This is a really fantastic sudoku app, and I use it pretty much daily. However, the developer no longer supports it.   One major issue that has cropped up is that it frequently serves puzzles that are one or two grades above what you choose. So choose ‚Äúmild‚Äù, and you‚Äôre dealing with an ‚Äúintricate‚Äù puzzle. It‚Äôs not consistent, though. And what‚Äôs worse is that there‚Äôs no indication this has happened until you find yourself stumped on what should be a puzzle that requires no advanced moves.   Beyond that, the ‚Äúbest‚Äù time displayed will change pretty constantly while you‚Äôre playing a puzzle, so you won‚Äôt know what your actual record is until you beat it. And just a complaint, the ‚Äúlessons‚Äù for advanced moves, etc., are incomprehensible. You could have just sat on a keyboard and created clearer instructions than what‚Äôs there.;;;;;
aac470e4-191b-46fa-946c-b46f858ba8e0;285994151;;;;;I think this is the best Sudoku app available for cell phones.   I play it all the time and I have still not used all of the options.;;;;;
541d0a87-2701-45e4-afe6-86c1a5efd57c;286058814;;;;;Really really good app. Shouldn‚Äôt overlook this one;;;;;
7810f26c-cd87-4d9d-9783-55b1f03ed76f;286058814;;;;;Verizon customers used to be able to stream data free. Now it's changed and found out the hard way. Gotta change to Sprint after this. Smh;;;;;
404cc0a1-b04d-4fd4-8d71-898c4c28bce2;286058814;;;;;Need to be able to Chromecast or stream what‚Äôs on the app to tv‚Äôs.;;;;;
335b4eb3-775d-4751-be43-18f5728e1a0d;286070473;;;;;Top app!;;;;;
55c82a80-a82a-449c-924a-74d780b8b968;286070473;;;;;on the iPhone 3G terrible slow. on iPhone 5 perfect! Lots of export features, friendly support team.;;;;;
b676bdf3-0130-4356-ab65-629cf5f78c24;286799607;;;;;the best tuner on planet earth. accurate, fast, and, most importantly, *steady*. that‚Äôs what keeps me coming back to it after all these years. i‚Äôd pay a $10 a year subscription if i had to for this but i think it was only a buck or two when i bought it in 2011 or something.;;;;;
a8b94ec4-6d92-482d-b6a3-168be9c9ec8d;286799607;;;;;I specifically bought this app for the ‚Äúunlock‚Äù feature that enabled the glissando pitch wheel that a friend showed me but the current version doesn‚Äôt have that feature. Huge drag and very disappointed.;;;;;
07a6e77b-0eed-4263-b2e7-2b40c51a6417;286799607;;;;;The app no longer works. I have been using it for years and it did great. Very sad.;;;;;
3b3cc4cd-93e6-4c74-9ec0-cf701102c949;286906691;;;;;Jeff wittek sent me ig@akaserner;;;;;
2b1b777e-2f3a-44a2-8918-8a2ce4119489;286906691;;;;;The app is fine and cool. If you upgrade to premium you are wasting your money. I upgraded, it said 5.99 a month I think for six months. I got access to plans like keto things, which I wasn‚Äôt interested in the diet plans they have and more diagnostics for your fat,  calories, etc and it wasn‚Äôt worth it. Then I tried to cancel my subscription and it charged me the full amount that would have been charged in six months.;;;;;
812b9907-335a-49e1-8720-c3b9d913f8be;286906691;;;;;I like this app a lot - it‚Äôs helped keep me on track with my diet and also seamlessly works with my Apple health apps. Excellent!;;;;;
b904c9ee-dcd3-44d4-84f0-d1dd2761404b;288113403;;;;;It‚Äôs a great app, the only problem is it is a little too specific sometimes and doesn‚Äôt get the rough translation. I put nice in and it said it meant Bonita. But other than that, great app.;;;;;
9559551d-ceb9-44c5-bad5-35688836bc1e;288113403;;;;;Love this app, it works pretty well some translations are not very accurate but in general it‚Äôs a really good appüëåüëå;;;;;
05595877-00a6-468c-b0cd-791edf2ad115;288113403;;;;;One of the best apps I‚Äôve ever used. Never let you down and always helped me out. Can‚Äôt say anything much better than that!! Bravo;;;;;
664bfeed-729a-4484-9e80-5c055ef2703d;288120394;;;;;This application allows me to substitute a large lighting console for a coupe of iPads and has the flexibility for custom building or layouts.  Money well spent, this has been quality since first purchased 5 years ago.;;;;;
f50552a3-d205-4b97-91f6-6f679b871831;288120394;;;;;The user can interface easily, change buttons and more.   Just download the programs from the website and use them along with this tool.;;;;;
38cf7d80-ab79-4075-9f7c-59e31f63ce10;288120394;;;;;I would love it if this could be updated for iPhoneX, thank you!;;;;;
2a98bee5-03c3-48f8-9f01-52a95ef3ab3d;288419283;;;;;I had RadarScope for a while now and when I got a new phone I can‚Äôt remember what email address I used to log in with.;;;;;
ec803091-f2f4-40bd-bdd1-866fa1986853;288419283;;;;;Wow, this update stinks.  Took away most of the features and lost resolution.  Are you making us pay $100 per year for what I had before?  Really?;;;;;
5b8dbd28-49f7-442e-bf78-51a387c0670a;288419283;;;;;Great app, not for beginners as you need to have more than a basic knowledge of how to read and interpret radar on the map. Once you are able to understand you will discover how much this app has to offer. I have the base app without a subscription and that is good enough for me. Radar updates very quickly. Kansas City was nearly slammed with an EF4 tornado in May of this year (2019) and RadarScope displayed accurate velocity to pinpoint where the mile wide tornado was located. I was able to monitor the debris field as well using correlation coefficient. This app is strictly radar and is best used with other apps such as The Weather Channel for forecasts. This is my go to radar app. Fantastic. The only change I would make would be a more detailed map.;;;;;
a9726c6d-6b30-4967-b71f-4af77f269ab5;288429040;;;;;The app is a inflexible fire hose of ads, upsells, click-bait and lame ‚Äúclasses‚Äù which all slow down and interrupt your conversations. Yeah, I spoke to their mobile team, and they admitted it‚Äôs ad impressions and daily click interactions that matter most. You don‚Äôt use this app‚Äîit uses you. It makes me so sad. Premium adds more nags and spam.  Did someone in your network get tricked into uploading your private address so they can spam and sell it as a feature to advertisers? Were you that person?   Edit: your mobile team already looked closer and confessed;;;;;
af7bbc9c-bf44-4dc4-b972-36f4f9cc11b1;288429040;;;;;The app is no longer functioning. Doesn‚Äôt refresh. Connections and messages pages won‚Äôt load either. iPhone 7Plus.;;;;;
83d678e9-c9f4-45c2-a194-0ed18fa01a73;288429040;;;;;Hello-     Was impressed so far.;;;;;
fb513ea1-2a1b-4d27-a0e8-8ee879580a7f;289084315;;;;;Best app I‚Äôve used to track my cycle and related symptoms;;;;;
71848f47-1c03-41dd-b928-68bcb7437b41;289084315;;;;;Please add masturbating in the had sex part. Yes it does sound funny.;;;;;
046291ae-900f-413f-8dec-af08ab48e57a;289084315;;;;;Very useful and helpful!;;;;;
31133b5a-4bca-447d-9fc2-db6da2a2ce3e;289446241;;;;;This is a great tool right now with the election tightening. Very fun and well written.;;;;;
19589221-d7eb-4c7e-befc-6bb6440cc829;289446241;;;;;Complete waste of money and time.;;;;;
73b5611e-3afd-4d87-88b1-6980fb74b4b8;289446241;;;;;Not accurate one sided;;;;;
80a2c7e0-5d21-476b-8443-b0c54f9f5ca0;289523017;;;;;This is by far the best blackjack game out there. It goes fast so you don‚Äôt have to sit there while the dealer slowly deals cards and wait for the next hand. You can get to it right away.  As far as rating this, I‚Äôd give it 5 stars BUT, the ads were incessantly obnoxious and completely annoying by constantly interrupting the game and then I‚Äôd forget where I was and lose my concentration. One of them even requires me to power off my phone to get rid of the music!! They said if you make a purchase, it will eliminate the adds.  So I made a purchase but the ads keep coming and coming. PLEASE STOP! Now I‚Äôm having to sit here on the phone with ITunes for hours waiting to get a refund. If you‚Äôre considering making a purchase through this app, DONT DO IT!  Not if you value your time that is.;;;;;
705554ad-7899-4b05-87b0-83ba8ef4206a;289523017;;;;;Adequate but not great program.   Cons: ‚Äî Very slow to load, and has to reload every time you do something on phone like check messages.  ‚Äî no way to play with a set amount of money, like $500 and see how you do.  You can only play with your entire bank all at once.   ‚Äî cards are *very* small and difficult to see.   ‚Äî even after paying you gets tons of ads for other games.  Really irritating.;;;;;
5ae5ddea-85e4-443e-846a-7dfea9945c4e;289523017;;;;;I like it very!!!! Much;;;;;
ec01d559-ee57-4fdb-a141-1d68ccc5efbe;289894882;;;;;Last update took away family sharing. No I have to buy again. That is BS. App worked fine for years and still says it is compatible family sharing, but apparently not anymore.;;;;;
47446521-a4e2-4968-a775-efa0d76af460;289894882;;;;;There is so much provided in this app for such a ridiculously cheap price, you need to get this even if you only use it once. Which you won‚Äôt because it has such a wide variety of sounds, mixes, options, etc. the possibilities are truly limitless. One of the best bangs for your buck out there! I feel guilty not paying more.;;;;;
182f3073-8fe9-4b9d-96b5-01328feecd2a;289894882;;;;;I downloaded this app in a pinch for my toddler and baby to be able to sleep at a relative‚Äôs house and it works great! So many different sounds to choose from as well as asleep mode were you can see a large clock on your phone as if you have your plugged in alarm clock at home with you!  They really thought this one out! 5 stars for sure!! I‚Äôm 6 years into using it and still use the clock part every night! It‚Äôs a win win in my book!;;;;;
271039e7-967c-481a-9c17-d9b554cd9dee;290638154;;;;;the instant you stop playing audio the app essentially closes itself. You have to go through the whole process of relaunching the app, finding what you were listening and searching for the point at which you stopped playing it. What a worthless junk app.;;;;;
38147ac3-de4f-4cf4-bcee-42bb04272dca;290638154;;;;;How many times am I going to hear the same farmers insurance add in a row!?!?;;;;;
f43ce38b-8ffb-4a81-9576-ee821d3593ab;290638154;;;;;Thank you so much for fixing the app for voice over users i love the iHeartRadio app some of my favorite stations are power 105.1 New York and 102.5 wiog and 104.5 the cat just to name a couple i use this app every day and i have used the iHeartRadio app sense i was 10 years old and now i am 16 years old so i hope this app is here to stay for ever and ever;;;;;
6666f9eb-41e6-4e77-bb9e-f35e2735fd7a;290986013;;;;;I always hear such great things about this app, and it‚Äôs better than nothing, but it‚Äôs missing the most obvious feature: connecting to my UPS/Fedex/USPS/Amazon accounts and adding deliveries automatically. You can do this via email forwarding but that‚Äôs a pain to set up.;;;;;
4f268245-5d6e-4154-be5a-8f59cd72772f;290986013;;;;;For rwviews;;;;;
e4ee9a86-a79a-404b-83e4-b1440b8f281e;1188375927;Positive;1.0;0.5333333333333333;;"I like eat delicious food. That's I'm cooking food myself, case ""10 Best Foods"" helps lot, also ""Best Before (Shelf Life)""";;;;;
4278d3f6-cffe-4258-898e-f737c3e751ba;1188375927;Positive;0.25;0.28846153846153844;;This help eating healthy exercise regular basis;;;;;
de1b00d8-6ac6-4935-aab2-4fc0238d2416;1188375927;Positive;0.4;0.875;;Works great especially going grocery store;;;;;
9604c8c4-28be-427e-bec7-188e06680657;1188375927;Positive;1.0;0.3;;Best idea us;;;;;
b0400579-87f2-4b39-82a2-bfc4d4cc67a9;1188375927;Positive;1.0;0.3;;Best way;;;;;
0933e5e9-5b9f-4e37-82c1-e84f95e8ecde;1188375927;Positive;0.6000000000000001;0.9;;Amazing;;;;;
2156764d-9c6a-435e-88b6-ef97f2a58363;1188375927;Neutral;0.0;0.0;;Looking forward app,;;;;;
897d10b3-c3af-4eaf-9306-6c00d510efe9;1188375927;Neutral;0.0;0.0;;It helpful site ! It help foods get !;;;;;
67f7359e-106d-4263-a1ff-c3e07772fd12;1188375927;Positive;0.7;0.6000000000000001;;good you.;;;;;
7c998490-abba-4ea0-823e-f2fb18cb09bc;1188375927;Positive;0.2;0.1;;Useful information The amount spelling errors questions validity information shared. Once fixed, 5 stars given.;;;;;
c07fe7b9-c2b9-420b-be66-cafda08859ab;1188375927;Positive;0.75;0.875;;Thank you! Great app!! Add arthritis, eyes, immunity, kidney/liver detox foods please. :);;;;;
ac2cd2a9-c644-4f58-afdf-4db562fc0998;1188375927;Positive;0.9921875;0.8666666666666667;;Greatest ever Completely awesome maintain health.... This must ppl there... Love it!!!;;;;;
b533589c-d93c-4fb1-aee5-cd54a76ef122;1188375927;Positive;0.5499999999999999;0.5111111111111112;;Good health...... Good health first priority.......;;;;;
6b200512-1ba9-4acb-9632-d391443f9a6b;1188375927;Positive;0.45;1.0;;Health It's important world either life . think? :);;;;;
537639db-4c8e-4bdb-8195-930db03a55a9;1188375927;Positive;0.6;0.6666666666666666;;Mrs sunita bhati I thankful developers,to make kind app, really good healthy food body;;;;;
25980bb5-7d05-4b07-a6fc-fdaa5b62e21f;1188375927;Positive;0.29500000000000004;0.1;;Very Useful in diabetes age 30. I need control sugar. thanks;;;;;
cf370b85-d8a5-418f-a368-318da822b8e5;1188375927;Positive;1.0;1.0;;One greatest apps.;;;;;
08812dd8-4a4d-40f5-9e85-5419b530de40;1188375927;Positive;0.6499999999999999;0.8;;good nice;;;;;
0d95a864-7593-41de-a648-f56afc099310;1188375927;Positive;0.35;0.35;;Healthy Really helped;;;;;
78ffab17-ae73-4f2f-b51f-f91074eec52e;1188375927;Neutral;0.0;0.0;;God health;;;;;
9abcc5da-4dd9-4990-b00b-dee5f04f7644;1188375927;Positive;0.78125;0.5;;HEALTH SHOULD ALWAYS BE TOP PRIORITY. !!. ON MYSG5.;;;;;
f2f62d5b-bfb5-461a-8086-ad6ce2916236;1188375927;Positive;0.65;0.5;;An excellent A useful;;;;;
3e516a8f-ad6a-48c1-8658-bea6682d7803;1188375927;Neutral;0.0;0.0;;I found lot wealth form health...;;;;;
9419b48d-c2f1-49ea-b74d-baac05af05c0;1188375927;Positive;0.4;1.0;;Because I found important.;;;;;
c0c0bcc7-d740-40fb-a483-1725e08986ad;1188375927;Positive;0.5;0.5;;Healthy Eating;;;;;
72bf78db-0c59-40d6-ad61-cb4ee35f0464;1188375927;Positive;0.8049999999999999;0.6900000000000002;;Very good Simply good;;;;;
32c6d2db-d8dd-4dcb-8db5-db4330dd65e2;1188375927;Neutral;0.0;0.0;;On test....;;;;;
630f6c3c-8328-46f9-8bb9-42d0d43b82ca;1188375927;Positive;1.0;0.6000000000000001;;Good.!!;;;;;
ddbe0580-99db-4d41-81ce-8d49007d63ae;1188375927;Positive;0.2;0.2;;Thanks advice. Downloaded Adobe reader still can't get recipe book?..;;;;;
78884033-daa4-4531-8d5c-657f6e11d17c;1188375927;Negative;-0.5;0.5;;No recipe book Unable recipe book.;;;;;
be0e8844-4b54-426f-9cbe-fadcab4e8de6;1188375927;Positive;0.45;0.75;;Absolutely Fabulous Phenomenal;;;;;
2ace6eb2-f367-4510-9c02-f01532e0e259;1188375927;Positive;0.65;0.675;;Great Love food;;;;;
c2106360-6cad-4125-ae7d-ba297761d598;1188375927;Positive;0.6;0.6;;Excellent It really works;;;;;
940043a3-8b24-4139-a00f-8e6290667ea5;1188375927;Positive;1.0;0.3;;Best;;;;;
bc001d03-820a-48cb-8e92-67f5072f8376;1188375927;Positive;0.1866161616161616;0.3563131313131313;;"WEALTH OF INFORMATION Very informative ... easy understand. (The ads middle page interupted read). Update: My ""ad comment"" NOT objection ads, literally position ads. Smack dab MIDDLE. I new spartphones & apps. Didnt know NOT Click eveything I saw... But, ... Full Review";;;;;
8123ec62-9350-4404-9b6d-c3ab9ca99938;1188375927;Positive;0.7;0.6000000000000001;;Not description good;;;;;
fb1f6348-b8cf-4b7b-a03a-041b02adfb41;1188375927;Positive;0.65;0.675;;Great app. Love;;;;;
bc5914d7-f608-4d86-a049-5a207cf28544;1188375927;Positive;0.7;0.6000000000000001;;Good;;;;;
2da6fc98-2150-4471-ac00-94c545b94792;1188375927;Positive;0.45;0.55;;Loved Very helpful;;;;;
d03d46d4-6237-41c3-8830-49fe17dc67a4;1188375927;Positive;0.6;0.55;;Good healthy foods.;;;;;
7e6a9934-329c-407b-80f9-119813976ac6;1188375927;Negative;-0.2;0.0;;Waste time It needs internet time n ask calls information;;;;;
0877ddaa-2763-45db-a965-cf2ed9f9acf0;1188375927;Positive;0.5;0.15;;Best thing I lost ten lbs. two months help tips;;;;;
d4639385-45c2-404b-96af-3e0f0eea351c;1188375927;Positive;0.44375;0.4125;;Ten best food promote good health Good health essential long healthy lifestyle make habit eat foods promote good health. Eat fruits veggies every day.;;;;;
03731de0-6069-4351-9f30-6a30315b0d2b;1188375927;Positive;0.5666666666666667;0.5333333333333333;;Healthy Food Really good information eat healthy;;;;;
cd87e365-eff0-4f7f-8fe7-5f7e4c8881e7;1188375927;Positive;0.55;0.8;;My mom dad important thing This good share;;;;;
2f3f87e3-6b89-4010-badc-e20aad9430a6;1188375927;Positive;0.1;0.15000000000000002;;A big thanks ds I got bst gd health;;;;;
bf07ba2d-2640-4ec7-b6df-ad1083608f8a;1188375927;Positive;0.75;0.525;;Lovely Best everyone needs;;;;;
ad04e557-4740-4363-9069-3393e2a0cd9a;1188375927;Positive;0.3;0.8;;Love It I lost 6Pounds far 215 209;;;;;
73889989-c5a7-447e-a7ce-c6fc63609f78;1188375927;Neutral;0.0;0.0;;I like;;;;;
c883c567-ca84-418b-9545-a5c07aebb445;1188375927;Positive;0.2;0.2;;Thanks helpful app.;;;;;
2fb73459-1d3b-4e6c-8012-8e23253b3c77;1188375927;Positive;0.7;0.6000000000000001;;good food really good eat;;;;;
dc9819a4-0d9d-42cd-8ad8-a98fa84fcd50;1188375927;Positive;0.2;0.2;;Thanks Thank u much;;;;;
d32931b5-c1e3-4c41-ac7a-7237598324e1;1188375927;Positive;0.6;0.6000000000000001;;Love This really good;;;;;
fcd1d64a-a813-4f39-b15d-c4ce5092cec3;1188375927;Neutral;0.0;0.0;;This helpful;;;;;
82ccc57b-48d0-4ff5-aea0-c1ec667124d5;1188375927;Positive;0.5;0.6;;I love;;;;;
7410fa7a-6bc1-42a1-9f1b-2742312c436a;1188375927;Positive;0.39;0.0;;Very useful;;;;;
a990e62a-7667-47d7-9894-c397f33b08de;1188375927;Positive;0.65;0.675;;Great Love;;;;;
8e7eee44-5427-4f5d-bff0-2018000e30a9;1188375927;Positive;0.2;0.3;;Very informative;;;;;
c275d866-8030-4e35-ab8c-babcde18fb85;1188375927;Neutral;0.0;0.0;;Luv;;;;;
dfe1aa0f-2737-430b-8434-52393e5e186e;1188375927;Positive;0.8;0.75;;great;;;;;
062ef773-b509-4286-bc96-09430a0ef8b3;1188375927;Positive;1.0;1.0;;Wonderful;;;;;
97d17902-bba0-4f90-968a-d284a8ef214e;1188375927;Neutral;0.0;0.0;;Doesn't work... Zero;;;;;
433eb9fe-d119-4146-ae11-87651b5fb7f4;1188375927;Positive;0.3499999999999999;0.6666666666666666;;Weight loss Not bad;;;;;
f5d09d43-8ea1-4bca-b9c0-7101223166ea;1188375927;Positive;1.0;0.65;;10 best foods 4u Excellent chose foods;;;;;
9d520716-1c11-4906-86f4-e97337122576;1188375927;Positive;0.5;0.5;;This needed most.;;;;;
a2210a79-731d-470c-bbc1-ef39e7db8867;1188375927;Negative;-0.2;0.0;;Faltu plz waste ur time;;;;;
1c91096d-814f-4022-bfc1-a8a7ef4f8098;1188375927;Positive;1.0;0.3;;Best food Thank you recipe book;;;;;
5f63933b-9e28-460a-aff2-4a23ee902b8b;1188375927;Positive;0.6;0.6000000000000001;;I Love Good;;;;;
40ec1472-83ea-4ff8-a434-7965220bb2b3;1188375927;Positive;1.0;1.0;;I like Superb;;;;;
dc927198-e1e7-4412-9150-6f71c4197326;1188375927;Positive;0.7;0.6000000000000001;;Good V good;;;;;
052547ad-789e-4659-b31b-fb3188342671;1188375927;Positive;0.5;0.5;;Healthy;;;;;
5516accb-13ea-4130-a0f2-7f4d96e2d993;1188375927;Positive;0.3333333333333333;0.5;;Quick Read.;;;;;
e1404d49-f595-4f62-9062-79ae4c1c335f;1188375927;Positive;0.8;0.75;;Great ideas;;;;;
b8e759df-008d-4420-aa87-ea90893a3c2d;1188375927;Positive;0.7;0.6000000000000001;;Too good;;;;;
72c48b24-a9cb-4685-918f-d57374ac1bb4;1188375927;Positive;0.35;0.65;;Cool.;;;;;
a60210d3-895d-4f67-ae61-f0fce794a4cf;1188375927;Positive;0.7;0.6000000000000001;;Good;;;;;
133e3cac-1a75-4899-82b2-5208402e8b09;1188375927;Positive;0.7;0.6000000000000001;;Good;;;;;
de0c7a9e-c07d-4ee5-a157-43e24a9e6a75;1188375927;Positive;1.0;0.3;;Best Best;;;;;
94b098fc-bdab-49fb-9c41-31da7845b2ce;1188375927;Positive;0.8;0.75;;Great Great;;;;;
22dd53d8-99fe-48b0-81ee-0159a14d381a;1188375927;Positive;1.0;0.8333333333333334;;Food list easy I predibetic, I scared. All Dr. said potatoes, rice, bread. He never told I could eat. I supplied paperwork stating things could happen me. This tells get works. Thank calming down.AWESOME APP. GET IT!!!!;;;;;
701cbdc8-b0ee-431f-a27e-778f176d3eca;1188375927;Positive;0.5166666666666667;0.525;;Great wife. My wife enjoy much. She's kinda person like follow health diet... She's spending much time front PC find appropriate diet food her. Now found magnificent app! Thank you! Thumbs up.;;;;;
84e26439-4e44-4bd1-b9c3-2c29d9bf80a0;1188375927;Positive;0.6749999999999999;0.4666666666666666;;Great! Very interesting useful application. I like it!;;;;;
8a9f48fe-ab29-4e25-998e-636237505215;1188375927;Negative;-0.8;0.8;;Crap Doesn't work;;;;;
a7171c42-27b2-4ca9-8120-69eaf5b1a3e6;1188375927;Neutral;0.0;0.0;;This 5 starr Download;;;;;
7784054b-0b01-41e5-9c44-b6efd531e3e1;1188375927;Neutral;0.0;0.0;;I like Was helpful;;;;;
5c418b28-a46d-4daa-a5db-10888262b12e;1188375927;Positive;0.4666666666666667;0.8333333333333333;;nice super get;;;;;
efeb3442-22b7-48ad-904b-56bd6e9bf50f;1188375927;Positive;0.6;1.0;;Nice Nice collection;;;;;
20110759-9ee6-41b9-80a5-48e6bb2bc96d;1188375927;Positive;0.1;1.0;;Wow;;;;;
97da8420-6c70-47af-9ab7-4772944bc8a1;1188375927;Positive;0.43333333333333335;0.3666666666666667;;Interesting. It interesting info, I think worth storage space phone. I'd rather research computer print list. Neat idea, make life easier, provide entertainment, I expect app.;;;;;
58fbd94e-ab5c-4e51-9ef4-0d5e49d4800b;1188375927;Positive;0.4361111111111111;0.5968253968253968;;Luv it! Simple, easy understand, well thought I follow step step problems see results. I also luv apps, gives food choices. But looks like foundation. Keep good work!;;;;;
c24cc04c-f6c1-4573-be5f-350d7410c6d7;1188375927;Positive;0.2625;0.4500000000000001;;Not good Its good u net connection u can't play app.so much good.;;;;;
f8c87ac3-0a96-4be7-b6a3-3a5c5b1912d2;1188375927;Positive;0.712121212121212;0.7348484848484849;;Awesome resources I begin new journey. I can't see great results!;;;;;
80d45851-009b-414a-8777-2d67c85a1a0e;1188375927;Negative;-0.325;0.475;;Boring. I thought actually just texts that's it. Too poor old texts....;;;;;
78fba422-27ec-4e1c-b5db-14bc06543bcd;1188375927;Positive;0.4;0.4000000000000001;;Love app. It gives way good idea I buying store eating daily basis;;;;;
f2427063-9f85-4a9f-a72c-1204c7070546;1188375927;Positive;0.5791666666666666;0.6833333333333332;;Great Its really best unique provides detailed information food nutritious staying healthy hats developer giving free.;;;;;
82f031c6-8c3f-4446-a6e4-060ec0115220;1188375927;Positive;0.4107142857142857;0.2857142857142857;;Nothing special! Could find anything useful!;;;;;
e10c53d5-0ee4-403c-b841-a4f576c95535;1188375927;Positive;0.5;0.5333333333333333;;Its ok I love ok.;;;;;
b11caa44-a617-4093-a4b5-52ad09841336;1188375927;Positive;1.0;0.5333333333333333;;"I like eat delicious food. That's I'm cooking food myself, case ""10 Best Foods"" helps lot, also ""Best Before (Shelf Life)""";;;;;
eb225b51-7b82-4419-8bab-104c6efd9b3a;1188375927;Positive;0.25;0.28846153846153844;;This help eating healthy exercise regular basis;;;;;
6a5f64f2-958a-4044-893d-8a05108e75bf;1188375927;Positive;0.4;0.875;;Works great especially going grocery store;;;;;
77065cf2-a7e4-47eb-91c9-eb65a1af1fda;1188432944;;;;Discount Office;The only app I could get to work the way I wanted. Works amazingly well. Only gripe is because I have a large category tree (and I mean really big), I have to do a manual workaround but most sites won't have that issue. Highly recommended++++;4.0;0.0;2018-20-18;;
7ec3a2aa-29fd-494e-b67f-bf21c470d600;1188432944;;;;Vintro;This app is amazing - it makes having sub categories so much easier to do, and it has great tutorials. This is a must have for anyone that wants to have sub categories. It is also has a great sidebar function which makes it easy to create and manage a sidebar.;5.0;0.0;2018-20-05;;
18b8c23e-b198-4ae0-bc53-34e1bfc77b31;1188432944;;;;Bluntwrapvenezuela;Uncomplicated App is the best for every site owner that likes organize categories and subcategories.  Alex is great support;5.0;0.0;2018-07-25;;
5a2cda13-1d7d-4135-a569-4a132f43ae01;1188432946;;;;Alternativa Webshop;Great app, and for an affordable price, too. Very simple to install and use. Right now we are using it to show recommended product at the end of each blog article. Works great.;5.0;0.0;2019-03-20;;
763c9c16-b00d-4a7a-ab7d-2c3aa013d014;1188432946;;;;Gloritee;I loved this app, it was completely perfect for what I was doing, the best application for add metafields. We faced problem but support from the app developer was very fast and solved the problem quickly.;5.0;0.0;2019-03-12;;
9272e6bf-4dd4-457d-b37e-b9e7be9022cd;1188432947;;;;Christina Guenther Jewelry;This app is easy to use with multiple option products. The interface is user friendly. The customer service is superb.;5.0;0.0;2019-02-20;;
b4fcb42b-f0cf-4775-8da6-1bf5a6c45517;1188432947;;;;Medical Equipment Specialists;Works as demonstrated, and the customer support team is very responsive.  I would recommend this app for sure.  thanks;5.0;0.0;2019-02-07;;
ab1eafcc-0a05-425a-81a7-73ac3da227e8;1188432948;;;;Lifegenius;"UPDATE: I had to change my review to one star because of SumAll's self promoting awfulness on your automated posts. Basically, Outfy adds a long exaggerated link to each post that it automates, linking your post to their website. So you are promoting their agenda, not yours. This renders your posts unreadable, confusing, and misleading. This would be a great app if they removed that from automated posts. Additionally, it would be good to have the posts says something different than ""today's featured product"" every single time.";1.0;12.0;2018-04-28;;
fcbf68b4-1854-4c58-a1e9-6019c01b01f5;1188432948;;;;Aram Erboristeria;Email digest is a great way to keep track of my e-commerce's metrics.;5.0;0.0;2017-11-09;;
837b9733-3f45-4583-a37c-d79f69c2d1bb;1188432945;;;;GJ store NL;So great app and its really free , i like to use it so much it is really helpful , i recommend  it guys .;5.0;0.0;2019-05-31;;
9d1b6762-ade4-47ba-971a-b9a65dcd4853;1188432949;;;;Fly Me Flag;Great - I had issues while learning how to configure it properly, but the support from Gravity Software is as good as it gets!  Highly recommended!;5.0;0.0;2019-05-07;;
947cecb9-58e1-459f-a4ec-e301420e0968;1188432949;;;;SBSolutions.ca;This is an amazing app. Easy to use, setup and the support is fa-nominal. I set this App up late on a Friday night and saw that it did not hide the cart on the top of our site. I sent a message in to tech support and Adam responded within an hour. Not to mention once I gave him access he fixed the problem that night.  Thank you Adam you are fantastic and the customer service is outstanding. SBS;5.0;0.0;2019-05-06;;
e20d0225-f44b-46e2-846f-a463d1ffc484;1188432944;;;;Abcdefgh123456;Great Futures, Really Use Full, Great Customer Service;5.0;0.0;2018-07-21;;
65b59e99-b649-4220-9283-c45a0a6b37a2;1188432944;;;;Tutu Masters;I was so frustrated trying to get my sidebar navigation more functional and the breadcrumbs to show more parent and sub collections within my third party theme. Categories Uncomplicated helped me stop pulling my hair out! I searched long and hard before I found this gem. Alex has created a really powerful tool and helpful videos to customize.;5.0;0.0;2018-04-05;;
21b8829d-c28b-4ea9-886f-72d969a8b360;1188432946;;;;TEESTERIA;The effort and value put into this App are mind-blowing. It‚Äôs reliable, consistent, so flexible, and awesome documentation. It's helping me out to add an extra content field with ease. Highly recommended, it is very simple to use and thank you for this product!;5.0;0.0;2019-01-23;;
1db04df9-4ba6-49c3-b138-883f26c5dddc;1188432946;;;;Gleetee;This app is a very useful solution for managing custom meta fields. It makes my life easier. Works great, no issues.;5.0;0.0;2018-20-17;;
35ac9f09-2994-4751-a9ef-83095bfe3c2b;1188432947;;;;Seriously Shea Wholesale;Great app that worked seamlessly after install. The team was fast to install and responded to any questions quickly.;5.0;0.0;2019-01-30;;
725f8794-6f89-4679-89ba-58f5fcf89955;1188432947;;;;Sire USA;Installation team installed and they said it's ready to use. but no... i've set some options but nothing shown on my product page. i've watched guide video several times and still no idea why it's not working. I've sent an email with screen shots of my setting and waited for 12 hours... no any answer. i don't want to spend more time to try this app.. better look for another one.;1.0;1.0;2018-11-20;;
0c696be4-1522-4afa-b99f-2a8d02b987b5;1188432948;;;;Insect Frame Uk;Outdated unfortunately no more support;1.0;1.0;2016-04-03;;
707862d8-c1f1-4ed6-a879-57ec01f3fa20;1188432948;;;;Dev Tees;Used to be a decent and useful product, but with their new interface update Oct 23rd it turns out they've completely dropped support for Shopify (was confirmed to me by a support rep today). YOU CANNOT USE THIS WITH SHOPIFY ANYMORE. :-/;1.0;1.0;2015-11-16;;
2a790aee-cbe7-4370-8132-a72d7cd80114;1188432945;;;;MandalaHandicrafts;This is the great app. It is easy to use. This app can be used quickly. I love this app. I recommend this app.;4.0;0.0;2019-05-31;;
3bc6e104-0c5d-4490-9ff8-5f9d01d74ce8;1188432945;;;;Scott‚ÄôsBuyerGoods;I used the app to increase sales amazing ! It really helped to get my business noticed I recommend it;5.0;0.0;2019-05-30;;
76be6a4f-d5fb-4939-a01b-d802bd3a85ec;1188432949;;;;Wi-Buy;This app is EXACTLY what I was looking for. Simple, functional, and reliable. PLUS the customer service is outstanding. Best developer I've worked with on shopify hands down. Will definitely be keeping the app.;5.0;0.0;2019-04-30;;
5d5c8e9b-2139-4ca3-ba83-6d377ed943d8;1188432949;;;;FreePurity.com;It works well but it's seriously too expensive for what it does for a couple of products. Removing it unfortunately.;3.0;0.0;2019-04-05;;
1e288a3c-a83f-414a-b45f-86c1687decef;1188432944;;;;Tidyhydro;Perfect, the breadcrumbs allow us to show a structure for users and search engines on an otherwise flat architecture! The sub cat icons are great for our category pages and work well for mobile. The only downside is that we've styled our category icons and the CSS gets reset if we refresh the menu structure, so if you could add some custom styling options that would be perfect!;5.0;0.0;2018-02-19;;
d1131f72-6700-450f-9101-4a1a5323c1af;1188432944;;;;Wc Armament;Fantastic app! Yes you'll need to have some basic skills to customize it but the core of the program is absolutely solid. Adam has been such a big help with the whole process.  Can't speak highly enough. Thank you so much.;5.0;0.0;2018-01-28;;
92579f19-28fc-4443-a4ec-075484194417;1188432950;;;;M-POWER;Such a perfect app for my needs. Support was quick and friendly! Recommend it 100%. Boosts my conversion as well!;5.0;0.0;2019-05-03;Thank you for the review! We're glad to hear our support specialists were able to provide you with the amazing service. Feel free to contact us if you need any help!;2019-05-27
8bb07339-d632-4895-ab8e-695597dffc13;1188432950;;;;Petata Action;Really useful app!!! This is one of the best checkout app on the shopify platform. Easy to set up!!!;5.0;0.0;2019-04-18;Thanks for your feedback! We are glad that you're satisfied with our app and find it easy to set up :) Don't hesitate to contact us if you need any assistance!;2019-05-27
5e1bbdea-e08d-468d-a076-3ba14ac56459;1188432946;;;;Dream Livings;Pretty good, but does not allow for Bulk metafield uploads.;4.0;1.0;2018-07-21;"Hi there, Maybe you find something wrong in our app that's why you reduce the star rating and give us 4 stars. Also, please suggest an improvement in what we should perform in our app so we can fulfill your need and serve our best service to you. We had expected more love from you by getting 5 stars.";2019-04-12
b989aeca-01ef-445a-a032-3bd5381a52e6;1188432946;;;;Supplementheaven;Easy to use and if you need help with the APP Even if you need help, the Support is always there for you!;5.0;0.0;2018-07-12;;
b0a02d29-9579-4256-b4df-1ad5569d6835;1188432943;;;;Style Art Villa;I have installed this app to get the no of visitors registered ! Wish it had a function to adjust the numbers. Love the APP !;4.0;0.0;2019-05-22;"Hi there,Thanks for trying our app.Unfortunately, this is a feature that we no longer support.Please reach out to our support team if you have any other questions.Thank you!";2019-05-22
e4466237-e1fb-4893-89ff-c6de65e7d9c6;1188432943;;;;Zollpa;this app is a great add on for my store looks good, very easy to install and the free plan is actually useable;5.0;0.0;2019-05-04;;
3f612c83-ca48-4050-83f5-aa218624b9e3;1188432947;;;;Berry Cute Kids;The support for this app has been the best! Not had this experience before with other Shopify apps. Thanks;5.0;0.0;2018-11-09;;
b629fc0f-219f-49e5-924d-788990fab99b;1188432947;;;;mycustomlove;I love this app, I can create customizable options for my products and price. And the customer support is really good!;5.0;0.0;2018-20-03;;
eac7ad03-9ba6-4ca7-8fdd-152db39b99cf;1188432948;;;;Military Outdoor;Great app, info at your fingertips!;5.0;1.0;2015-07-23;;
e6a1ff8c-dfcb-4808-ac80-78c04d19954d;1188432948;;;;Smoothvaporpens.com;The interface could use some polish, but works great once you get the hang of it.;3.0;0.0;2015-04-09;;
949cbe7e-906c-4695-b8a9-6dbd958905f9;1188432945;;;;Camera Cup;Great app. I am a new in this online store business and I am trying to look for an easy and not complicated app. This app works great. Thank you!;5.0;0.0;2019-05-30;;
e0db78e9-588c-47da-9a72-388cf6c94fe2;1188432945;;;;Pretty in Violet;I just installed it and i'm looking forward to receiving more sales. It is working how I expect it to so far!;5.0;0.0;2019-05-30;;
dc1b9720-dd49-4074-9d43-91b208707629;1188432949;;;;Shelter Design Build, LLC;Just ending my free 7-day trail and will be keeping. Adam was very quick to respond to a couple of questions and fixed a bug introduced by my theme. Great product and customer service.;5.0;0.0;2019-03-27;;
b0911a1d-2369-44d2-afc6-33941b364937;1188432949;;;;Spy Monkey Surveillance;I decided to leave a review because Adam from support was so fast to help me in response to an issue arising from my own devices. I like this app because its straightforward and simple. It does what it needs to do flawlessly. And I couldn't quite find an app like it. It works perfectly for me.;5.0;0.0;2019-03-07;;
b39261b3-aea0-4f45-83ad-69d2f04be41e;1188432944;;;;Whiteside Machine;Great app with very helpful support. Plenty of videos to assist in creating menus and categories.;5.0;0.0;2018-01-16;;
66c87f1e-7bb7-477b-b119-5c57bdc14bf6;1188432944;;;;Mbrcosmetics;This is really good app. It works well as it should. Support is helpfull. In my opinion this app is better than competitors. I've tested a few other apps. This is the best.;5.0;1.0;2017-11-18;;
d909a30b-f2e9-4d29-9b04-41e1d5510a94;1188432950;;;;Boba's Rings;this app realy improved my store conversions and the best part is that its free.  i recoment it very much;5.0;1.0;2019-04-18;"Thank you for the review! We are glad to hear that the app helps you to improve your store conversions, also thank you for recommendations, kindly note that the app isn't free, but it has trial period :) Feel free to contact us if you need any help!";2019-05-27
02be5d80-1bd9-4529-be12-380cd361a96e;1188432950;;;;CSM24 Store;Great addition to my store. Works well, easy setup, perfect support. Improves my conversion and looks professional. 10/10!;5.0;0.0;2019-04-18;;
ee3df6fa-f7a7-4c64-93c9-567936448858;1188432946;;;;Nicheshoping;We needed a simple and efficient way to bring in multiple metafields into our complex store. We definitely recommend them. Thanks!;5.0;0.0;2018-04-05;;
4313b9a1-7063-4ae3-ac40-a587df83a87b;1188432946;;;;Cartclash Com;The best part about this app is that you don't have to go on each product page for adding meta data, you can do it on product right away through this app amazing works;5.0;0.0;2018-03-15;;
a48c53a0-a6a9-4bcc-a11e-8fdab154e3c4;1188432943;;;;Best Buys Shop Here;Very easy to set up! And you can choose where you want this and on which page(s). It starts counting on installation. So also nice for starters!!  Looks nice on my boutique.  bbshophere.com;5.0;0.0;2019-04-03;;
0d94dc86-e859-4ea4-aeba-9e67e0f58642;1188432943;;;;presetcabana;ggggggggggggggoooooooooooooooooooooooooooooooooooooooooooooooooooooooooooooooooooooooooodddddddddddddddddddddddddddddddddddddddddddddddddddddddddddddd;5.0;0.0;2019-04-03;;
24a8ff39-935b-46d9-9203-f336198f26c6;1188432947;;;;Haute Items;Fast and friendly customer support!  I needed to add a rather complex monogramming option for one of my products and this made the entire process streamline.  Site feels and looks just as I wanted it to. Update- The developers have been the most helpful of any app I've used in answering questions and helping me make site adjustments.  This is the only app to use for customization!!!;5.0;0.0;2019-01-22;;
330c67d5-4733-4328-8962-e80cc3134291;1188432947;;;;Urban Modesty Inc;Installed app.  Gave developer access.  Developers states my theme doesn't support this app.  Day later I find a product live on our website with the developers placeholder product.  Maybe I would have given this product a better review had not had this experience.  You may have a better experience.   Mine was a waste of time and I wasn't happy with the live dummy product.;1.0;0.0;2018-08-31;;
647738c1-0240-4c21-927a-491488bdce12;1188432948;;;;ohSh!t;App cant be used, as it's never stoping to import. no data available since 24h;1.0;0.0;2015-04-02;;
af27f77d-e580-41e2-9599-1e0c4625d033;1188432948;;;;Penny Dreads & Wigs;Reading other reviews, didn't have any problems installing. Shows great stats across almost literally every platform a small Ecommerce business owner could use. Would love to see Twitter Ads, Pinterest integrated. Needs high level metrics like combined revenue from multiple sources - would massively increase effectiveness. Would love to see more in-depth reports from some sources. Really has the potential to be the ultimate reporting app, one of the more impressive startups I've seen - needs more work though.;5.0;2.0;2015-02-21;;
8f2d17d9-e5c7-48dc-8c65-4270016b6841;1188432945;;;;discountairpods;Amazing!! app! very user friendly and creative! very easy for a first timer to use and start my store with this awesome app! Thanks!;5.0;0.0;2019-05-29;;
d66ab990-5959-4337-9257-70b71cb3294e;1188432945;;;;Toolaza;Free Ads Easy to install whats to complain about its a win win for everyone in the circle free ads JUST target accordingly to get the most out of it;5.0;0.0;2019-05-29;;
80bef8dc-e04c-48ce-afbc-609b46a278ef;1188432949;;;;RMUS - Turn-key UAV Drone Program Solutions Provider;Great app. Simple to install and easy to use.  Great support also. Contacted support and issue was resolved with a day.  Highly recommend.;5.0;0.0;2019-03-06;;
3e2fa1d5-033f-4ca4-a040-06191fceede9;1188432949;;;;ThalesTI;The app was exactly what we were looking for in terms of quote request. Excellent customer services!;5.0;0.0;2019-01-25;;
53e4e5c5-1af8-4329-bc9c-826768d4c9cb;1188432944;;;;Globaltooling;Excellent app that does everything it promises. The developer is very responsive and helpful. Easy to use.;5.0;0.0;2017-09-06;;
434edc68-ef0e-4a63-ab8e-7cafa8e3fde1;1188432950;;;;Little Bird Designs;I have just installed this app, and being not that computer savvy, I needed help installing. Well this was done extremely quickly and executed with care. Great customer service. Now just crossing my fingers as to more sales!;5.0;0.0;2019-04-14;;
88590b7b-5f4a-4cfa-b770-9615d66ea83f;1188432950;;;;Herald Lab;They promised me to waive the monthly fee for an issue on the app. Unfortunately they are still charging my account for $15.95/month I don't trust them anymore.;1.0;0.0;2019-04-13;;
240fb980-4dd9-4243-a04f-62fbf6edcc98;1188432946;;;;Sublimationla;Straight forward and easy to use once you understand the advantage of utilizing metafields. Great app easy to use and would recommend it to everyone;5.0;0.0;2017-11-13;;
e18f7b09-c4e2-4401-89d6-d23f077e7635;1188432946;;;;Mud Musk;Great little app with super fast support! Great app! Very easy to add custom fields.;5.0;0.0;2017-09-12;;
3a91be99-bb64-42da-a31c-321791922836;1188432954;;;;Evogue Clothing LLP;good app. now have to see if it works properly. just installed it to my store. the interface looks nice.;4.0;0.0;2019-05-17;;
32c9856f-cf67-44cb-9183-cbdde39a9af1;1188432954;;;;Haanum;This is really helpful for people in India doing COD to verify orders! Kindly use it and SMS is low.cost but calling is expensive.;5.0;0.0;2019-04-23;"Thanks for posting a review. As the service we are providing is depended on third party calling API. And so, we need to follow their pricing structure.You can write us on support@shopiapps.in for any further query you have.Thanks again :)";2019-04-24
af316b27-dd2d-4626-884f-bd680655c020;1188432943;;;;Batik 2.0;goooooooooooooooooooooooddddddddddddddddddddddddddddddddddddddddddddddddddddddddddddddddddddddddddddddddddddddddddddddddddddddddddddd;5.0;0.0;2019-03-24;;
3ea3e2a0-fadf-42d2-a246-11d5f4437ef5;1188432943;;;;Simply Beautiful;Great app loved it super easy to use!!!! Would definitely recommend and it is free!!! Thank you so much;5.0;0.0;2019-03-20;;
cb7a9de3-4142-4aec-a471-f3f4d293d99f;1188432947;;;;Fusion Crystals;"Excellent App & Great customer support.  Pros :  We have been using another app for product customisation, especially photo upload, the main issue we were facing is once the customer clicks on add to cart it takes a few minutes to upload the photo and proceed to check out But there is no notification on the app about the process is ongoing due to which buyer exit from the website because they think the site is frozen. with this app , that issue is fixed. They have process notification symbol, and they can even show a text like "" upload going on "" - you will have to contact their customer support for that.  Great app - cheers guys .";5.0;0.0;2018-08-30;;
549754bb-0ef7-4215-853f-13b5588ebfec;1188432947;;;;Cremation Jewelries;Works fine but some difficulties if used with Langify. Excellent technical support.;4.0;0.0;2018-08-09;;
071183bd-c4c8-4bd4-8e59-e9152c50b2d9;1188432948;;;;Make-Up Designory (MUD);Same thing here. Impossible to install. Tried different browsers already.;1.0;0.0;2015-02-20;;
8cfc400e-dbda-437b-ab44-bc64bea10cf8;1188432948;;;;Pitbull Clothing;Can't get the app to install ! Very frustrating.;1.0;0.0;2015-02-03;;
507079f8-901a-49f1-a18c-5f3058b79ae9;1188432945;;;;Horizon Above You;Very good app will be using this in the future for sure. Very helpfull and it is going to be a very big help.;5.0;0.0;2019-05-28;;
baa05bce-a14a-440e-8c95-1a0ad68eb76f;1188432945;;;;L'eau Sage;It's really working well and very easy to create ads, it automatically imports your and just a few more clicks, your ad is on. I like that.;5.0;0.0;2019-05-28;;
1defb6df-727f-457f-be8f-b4ba07b07b6c;1188432955;;;;Loverlake;wow,it looks so nice ,i love it so much;5.0;0.0;2018-04-25;;
5718f4fe-364a-44d6-a932-549c21667c12;1188432955;;;;Oxydev;Just wanted to write a review on this to add a positive one to the collection. It only takes a little patience to let the app do what it does. It is a very simple app. You create the custom fields you want in a form and then the app gives you some code to add to where you want the form to show. Once someone fills out the form, and the review is approved, it will display under the form. It does not display instantly. It took a few hours for mine to display but it does work very well. There is nothing else to do. Just add the little string of code into where you want it to show up and that's it. Then your job is to just approve the reviews. The reviews are stored in product meta fields, so you can get the Metafields Editor app and edit something if you need to.;5.0;1.0;2017-12-15;;
628c33be-6d53-4820-91d5-ea0f31978476;1188432953;;;;Vape Drop;Great and easy to use, not to mention superb value compared to other similar plugins. And amazing customer support!;5.0;0.0;2019-05-31;"Thank you for the review :)We are always working hard to give the best customer service and keep on improving our app.";2019-05-31
1839f59b-8d3d-4924-bbfd-bea3a4105a4b;1188432953;;;;Angela Wozniak Jewellery;This app is very clear and simple. It uses Shopify native as much as possible which is great in terms of inventory tracking and overall integration.;5.0;0.0;2019-05-31;Thank you! Our app is great at modifying the look of the Shopify Options, and we also have product options to get over the 100 variants limit by Shopify.;2019-05-31
84c8d5d5-dc7a-4920-9eac-c2cae9eef9ff;1188432949;;;;Melbourne Spa & Gas Pool Heater Parts;"Very handy. Just waiting for a few more updates to make it a bit easier to use. Eg: Filter by ""Yes""  This app has huge potential for businesses that aren't allowed to list certain product pricing online.";4.0;0.0;2019-01-05;;
8ac21586-966a-41f2-8a5d-2cf848c2a19a;1188432949;;;;Westminster Technologies;Works as advertised. Quick and easy. Any problems are responded to via email within 24 hours. Best support I have had with any app I have used! SIMPLY AWESOME!!!;5.0;0.0;2018-08-17;;
8c272740-f288-4285-8330-01159d82f165;1188432951;;;;sexydollslovers;Excellent support, Nice perfect app. Sandy helped us on some custom theme work too. Thanks again....;5.0;0.0;2019-04-29;;
9f2e9e33-6f81-442c-8cbd-bf8af3287fd5;1188432951;;;;Lush Mod;I have just installed it and it seems to work fine. Also I had excellent support for the installation. He is very helpful for assigning store custom work. thanks again.;5.0;0.0;2019-03-10;;
7532ddb9-759f-4101-8476-e9b9c84ce13e;1188432950;;;;GotItHere.com;Brilliant product and AMAZING customer service. Wish everything could be this easy! I don't typically write reviews, don't want to tip off my competitors to a great product, but these guys really deserve it!;5.0;0.0;2019-04-05;;
1525a5c3-24f7-4609-9478-70b949d44f20;1188432950;;;;KIDosophie;BEST service , 2 minutes they answered me . thank u to the team i recomand this app . the app is very useful;5.0;0.0;2019-03-25;;
c8d90873-4651-4147-85ad-3d7a44e96d48;1188432959;;;;Mary&Grace;Doesn't clean its shit. Doesn't clean shit and is shit. Also functionality is very poor, it cannot even automatically identify pictures... After installing one of the apps of this developer page doesn't load properly now, its waiting for some shit from their page, even after the app was deleted...  Never install this, it breaks website performance even after deletion.;1.0;1.0;2019-03-23;"Hello, We are very sorry to hear that. Our app actually automatically deactivates itself a few minutes after you uninstall it. We can further look into this issue if you want. Would you contact our support team in order to correct this problem: https://www.webyze.com/contact";2019-03-23
580ad1d3-26ac-4f9b-bf7d-120cb1c4564c;1188432959;;;;Easy Apparel;Been using this app for almost 2 years for my store (https://easyapparel.co) and it works perfectly on thousands of unique product color variations!;5.0;1.0;2019-03-11;;
377d94e0-644a-4380-9f93-ad2b87b86657;1188432954;;;;StockShopUK;llllllllllllllllllllllllllllllllllllllllllllllllllllllllllllllllllllllllllllllllllllllllllllllllllllllllllllllllllllllllllllllllllllllllllllllllllllllllllllllllllllllllllllllllllllllllllllllllllllllllllllllllllllllllllllllllllllllllllllllllllllllllllllllllllllllllllllllllllllllllllllllllllllllllllllllllllllllllllllllllll;3.0;0.0;2019-04-14;;
a5e55ee8-4e46-483d-b4b0-ae9f984e2872;1188432954;;;;Just Bottom;works like a charm , no problem in installing and using it, a must have app for all the indian ecomm websites to confirm cod orders;5.0;0.0;2019-04-07;;
c20e4318-ef78-4c49-97e2-d9f6f3a885e8;1188432960;;;;Bacchusantik;We imported a lot of products and we had some trouble with pictures and descriptions that did not appear as the were supposed to. Got superb help and the just helped out moving pics and fixed the problem! Thanks Alison and team!;5.0;0.0;2019-04-11;;
5321ee86-d463-4282-a1d4-08563e404402;1188432960;;;;MickyBee tattoo supplies;highly recommend this app for any shopify stores its easy to use and time saving.also it increases sales;5.0;1.0;2019-03-12;;
d58f2f92-311e-489b-ab99-556a5ef6dc37;1188432943;;;;Rich Frames;i appreciate how simple, fast and easy this app is. The basic plan is enough to help start up my store. I would definitely use this again;4.0;0.0;2019-03-17;;
1f296cae-c645-4ed8-abd0-0a73e8078a7e;1188432943;;;;Antler & Bone;Great and easy to use! and free. Excellent way to know how much traffic we are getting to our store. So simple to set up!;4.0;0.0;2019-03-09;;
7c756286-2b9d-48ad-92bd-73bf7950fa95;1188432952;;;;rainbowvapes;The service from Russel was magic, our drop downs were so big it was slowing down our site.  The brand page app solved the problem, whats more we needed to replace two drop downs in total, Russel made it possible for having 2 brand pages. The best service so far and had a lot of apps over 4 years of shopify. Another positive - when on a mobile the brand app couldn't be more clear. cheers Rainbowvapes;5.0;0.0;2019-05-16;;
915aab75-0845-4493-a095-3025da0c3ff0;1188432952;;;;Welcome Organics;Super easy to use! An excellent app!! Super quick and responsive support. www.welcomeorganics.com.au.;5.0;0.0;2019-02-20;;
54be433e-d87c-47aa-84e7-cd2d0499fd44;1188432945;;;;chaoticclothingdesigns;So far so good  nothing else seemed to work but this app does thank you guys I was about to close my store for good;5.0;0.0;2019-05-28;;
2845baa8-c03c-4520-919d-153cbabf5990;1188432955;;;;Drinkin Threads;"Like the review below me, I will also bash them. Same issues. No explaination on how to setup. Upon installation it completely messes with my template settings even though it's supposed to ""adapt"" to my theme settings.  Great potential. Would love to see someone get behind this and actually work on improving it";1.0;2.0;2017-03-01;;
672d1b6f-2136-4709-99d3-d89dfea133e9;1188432955;;;;Quickdvddelivery;Could be a good product, but there is no explanation of how to use it.   Nothing. I contacted the developer and its been 5 days and no reply. I am finding that they only way to get support these days is the bash the company in a review.   So I'm bashing. Ill remove it if you reply and offer some help.   Its not a free app.;1.0;5.0;2016-05-26;;
07b079e7-1622-498d-bb6a-0c665e5ec84c;1188432953;;;;My Design Collections;We use this app so customers can choose whether or not to add a personalised card message and it works brilliantly. The support is always really quick in coming back to us too. Recommend.;5.0;0.0;2019-05-21;;
e56b9394-0297-4184-b84f-a80b70ba06a3;1188432953;;;;Unclockable;The support team diligently worked with me over the course of several days to make sure that this app performed from my business. Couldn‚Äôt be happier!;5.0;0.0;2019-05-12;;
6dda4b9a-2c7d-4104-bccf-01d6133b7a2d;1188432951;;;;Soaked Swimwear;I've had a great experience with this app.;5.0;0.0;2018-07-17;;
746e8724-c631-42cc-b89a-feee5f58f476;1188432951;;;;Urbanflrt;We wanted to test it but decided it was not for us, once we uninstalled the app, but it screwed up our theme.  We had to call Shopify to fix it. At the time there was no intention that you had to do more than just uninstall the app.  The developer continuously emailed us asking us to change the rating but our review is not with the app but the uninstall process.  I want to make it clear, we did not use the app!  Our issue, it removed the standard drop-down for customers to select a color after uninstalling the app.  Luckily Shopify was able to fix it for us.  However, we can say this, the developer responses fairly quickly so if you should have a problem he will be available to help.;3.0;2.0;2018-02-26;;
30b9736c-4951-4611-aa56-6ba1042b5691;1188432950;;;;Peaceful Scriptures;The app helped me place the buy now button on all pages and also takes the customer directly to the checkout page;5.0;0.0;2019-03-17;;
2d8d124e-5259-43c5-949d-c21d6299d3d5;1188432950;;;;TheBest Shop In The World;Awesome app. Great help setting it up too! TI've been looking for a way to set things up like this for pickup for a long time. Thank you!!;5.0;0.0;2019-03-11;;
